Date,Impressions,Likes,Engagements,Bookmarks,Shares,New follows,Unfollows,Replies,Reposts,Profile visits,Create Post,Video views,Media views
"Mon, Oct 5, 2026",1184714,3823,6519,147,497,64,27,99,165,1788,30,0,0
"Sun, Oct 4, 2026",2057408,3094,6430,163,422,125,29,154,195,2402,52,0,0
"Sat, Oct 3, 2026",651590,1878,3137,146,151,127,18,35,65,862,4,0,0
"Fri, Oct 2, 2026",2100380,6160,11356,288,757,294,30,156,210,3785,47,0,0
"Thu, Oct 1, 2026",2260523,5638,10498,260,700,317,41,176,254,3470,49,0,0
"Wed, Sep 30, 2026",2001959,3560,7418,158,463,142,36,143,178,2916,47,0,0
"Tue, Sep 29, 2026",758578,2481,4095,283,221,201,15,36,101,973,6,0,0
"Mon, Sep 28, 2026",1655866,5641,9410,272,686,299,54,137,300,2374,33,0,0
"Sun, Sep 27, 2026",2068743,3658,7524,153,445,781,65,157,233,2878,58,0,0
"Sat, Sep 26, 2026",987887,3283,5484,217,225,584,31,53,95,1611,12,0,0
"Fri, Sep 25, 2026",2454963,7147,13767,410,589,2078,66,171,169,5281,52,0,0
"Thu, Sep 24, 2026",5892682,9929,30702,1300,1112,50077,262,242,343,17776,59,0,0
"Wed, Sep 23, 2026",1493761,2565,5446,138,426,121,12,113,132,2072,47,0,0
"Tue, Sep 22, 2026",867907,2334,4219,134,557,107,19,75,136,983,21,0,0
"Mon, Sep 21, 2026",1098040,2872,4803,115,499,95,12,126,189,1002,31,0,0
"Sun, Sep 20, 2026",1577758,2476,4839,104,317,129,22,129,175,1638,61,0,0
"Sat, Sep 19, 2026",552685,1204,2208,81,169,97,8,25,51,678,8,0,0
"Fri, Sep 18, 2026",1633660,3014,6121,124,777,213,20,132,148,1926,49,0,0
"Thu, Sep 17, 2026",1328474,1804,4010,89,287,197,17,122,127,1581,33,0,0
"Wed, Sep 16, 2026",1156995,2139,4866,93,520,129,22,124,129,1861,39,0,0
"Tue, Sep 15, 2026",264542,648,1103,38,47,44,13,26,22,322,7,0,0
"Mon, Sep 14, 2026",730563,2012,3432,66,171,74,39,61,127,995,24,0,0
"Sun, Sep 13, 2026",1448909,3281,6614,154,917,227,18,117,287,1858,47,0,0
"Sat, Sep 12, 2026",385792,741,1365,39,80,82,17,29,33,443,11,0,0
"Fri, Sep 11, 2026",1247464,1945,3892,48,290,152,24,88,88,1433,35,0,0
"Thu, Sep 10, 2026",2328232,2646,4849,129,361,474,33,98,159,1456,40,0,0
"Wed, Sep 9, 2026",2047349,3647,7250,128,425,574,37,119,215,2716,62,0,0
"Tue, Sep 8, 2026",1580268,3578,7669,178,642,475,32,110,200,2961,33,0,0
"Mon, Sep 7, 2026",969756,1353,3081,39,178,200,29,71,66,1374,19,0,0
"Sun, Sep 6, 2026",344872,671,1649,149,154,140,8,20,53,602,14,0,0
"Sat, Sep 5, 2026",401831,511,1445,154,106,632,17,14,60,600,10,0,0
"Fri, Sep 4, 2026",902338,1232,3239,134,373,1081,36,52,85,1363,8,0,0
"Thu, Sep 3, 2026",1998539,3282,10829,495,1947,2209,18,120,166,4819,15,0,0
"Wed, Sep 2, 2026",1575521,2259,4932,360,312,1397,29,66,123,1812,24,0,0
"Tue, Sep 1, 2026",1106316,1905,3902,128,299,202,40,85,110,1375,41,0,0
"Mon, Aug 31, 2026",678287,1044,2108,69,83,214,18,29,37,846,23,0,0
"Sun, Aug 30, 2026",1861780,2057,5040,117,429,482,48,90,151,2196,41,0,0
"Sat, Aug 29, 2026",463716,680,1455,79,37,204,24,35,31,593,21,0,0
"Fri, Aug 28, 2026",935016,853,2403,111,43,1208,39,31,53,1312,20,0,0
"Thu, Aug 27, 2026",3960635,3093,30041,445,308,46602,152,67,101,26027,30,0,0
"Wed, Aug 26, 2026",843830,651,9397,121,64,16513,23,23,45,8493,18,0,0
"Tue, Aug 25, 2026",598987,345,758,27,79,166,6,34,50,223,27,0,0
"Mon, Aug 24, 2026",428675,469,935,26,59,143,7,38,78,265,35,0,0
"Sun, Aug 23, 2026",246886,242,589,32,64,114,1,29,54,168,18,0,0
"Sat, Aug 22, 2026",106932,213,372,17,7,29,7,26,29,80,40,0,0
"Fri, Aug 21, 2026",103417,301,465,27,7,47,2,26,14,90,39,0,0
"Thu, Aug 20, 2026",260141,336,690,85,19,293,4,43,25,182,34,0,0
"Wed, Aug 19, 2026",341509,510,1096,48,101,146,3,56,95,286,41,0,0
"Tue, Aug 18, 2026",579227,451,1000,39,74,126,5,78,71,287,66,0,0
"Mon, Aug 17, 2026",461551,598,1119,38,54,135,8,74,133,222,72,0,0
"Sun, Aug 16, 2026",278318,231,496,24,27,75,3,40,35,139,32,0,0
"Sat, Aug 15, 2026",189408,323,640,21,43,63,0,60,37,156,59,0,0
"Fri, Aug 14, 2026",187513,308,575,33,4,37,10,57,34,139,64,0,0
"Thu, Aug 13, 2026",419687,348,780,22,57,157,4,38,29,286,43,0,0
"Wed, Aug 12, 2026",581346,585,1521,36,180,302,4,40,132,548,34,0,0
"Tue, Aug 11, 2026",246286,394,761,13,33,63,7,74,53,194,74,0,0
"Mon, Aug 10, 2026",212672,217,631,15,87,151,4,45,37,230,42,0,0
"Sun, Aug 9, 2026",108733,137,297,8,18,55,0,16,9,109,14,0,0
"Sat, Aug 8, 2026",44535,67,161,0,6,14,2,13,5,70,15,0,0
"Fri, Aug 7, 2026",41364,145,219,4,3,22,1,15,10,42,24,0,0
"Thu, Aug 6, 2026",106062,196,310,5,3,33,4,22,24,60,27,0,0
"Wed, Aug 5, 2026",121872,288,534,7,19,76,2,28,39,153,37,0,0
"Tue, Aug 4, 2026",310188,253,594,11,70,116,1,40,35,185,46,0,0
"Mon, Aug 3, 2026",55198,106,213,3,7,15,3,22,5,70,29,0,0
"Sun, Aug 2, 2026",15403,15,44,1,0,17,1,1,1,26,2,0,0
"Sat, Aug 1, 2026",43664,103,199,4,11,34,0,13,10,58,13,0,0
"Fri, Jul 31, 2026",128519,112,293,6,10,78,1,18,4,143,22,0,0
"Thu, Jul 30, 2026",91305,139,289,5,6,45,1,21,30,88,23,0,0
"Wed, Jul 29, 2026",164547,227,528,8,20,75,2,46,47,180,46,0,0
"Tue, Jul 28, 2026",557349,392,1154,25,37,695,8,42,75,583,31,0,0
"Mon, Jul 27, 2026",53424,93,291,7,12,49,1,14,21,144,18,0,0
"Sun, Jul 26, 2026",13618,34,60,9,1,17,0,3,2,11,4,0,0
"Sat, Jul 25, 2026",37559,30,62,7,0,39,0,3,0,22,5,0,0
"Fri, Jul 24, 2026",134243,53,144,5,7,98,0,10,8,61,8,0,0
"Thu, Jul 23, 2026",26748,50,101,0,3,14,1,13,5,30,11,0,0
"Wed, Jul 22, 2026",12317,9,28,3,0,8,0,3,3,10,6,0,0
"Tue, Jul 21, 2026",25155,27,76,11,4,8,0,7,7,20,10,0,0
"Mon, Jul 20, 2026",7479,12,21,2,0,1,1,2,1,4,8,0,0
"Sun, Jul 19, 2026",1503,0,1,0,0,2,1,0,0,1,0,0,0
"Sat, Jul 18, 2026",5626,0,2,1,1,2,0,0,0,0,6,0,0
"Fri, Jul 17, 2026",7871,5,14,1,1,2,1,2,0,5,6,0,0
"Thu, Jul 16, 2026",14312,4,23,0,0,3,0,7,3,9,8,0,0
"Wed, Jul 15, 2026",13701,4,13,2,1,5,3,2,2,2,7,0,0
"Tue, Jul 14, 2026",4829,1,4,1,0,4,2,0,0,2,2,0,0
"Mon, Jul 13, 2026",12158,10,25,1,0,5,2,4,1,9,8,0,0
"Sun, Jul 12, 2026",1966,4,7,0,0,3,0,0,0,3,1,0,0
"Sat, Jul 11, 2026",1847,0,1,0,0,5,0,0,0,1,1,0,0
"Fri, Jul 10, 2026",4396,5,7,0,0,1,0,0,1,1,3,0,0
"Thu, Jul 9, 2026",4355,4,9,0,0,5,1,0,0,5,2,0,0
"Wed, Jul 8, 2026",3534,4,8,1,0,7,0,0,0,3,1,0,0
"Tue, Jul 7, 2026",9387,17,29,3,0,5,0,0,5,4,3,0,0
"Mon, Jul 6, 2026",6405,8,20,3,1,5,1,1,3,4,3,0,0
"Sun, Jul 5, 2026",3956,8,20,2,2,5,0,2,3,3,1,0,0
"Sat, Jul 4, 2026",2194,1,1,0,0,3,2,0,0,0,1,0,0
"Fri, Jul 3, 2026",2205,0,0,0,0,14,0,0,0,0,1,0,0
"Thu, Jul 2, 2026",2999,4,4,0,0,24,1,0,0,0,1,0,0
"Wed, Jul 1, 2026",3971,2,4,0,0,18,0,0,0,2,3,0,0
"Tue, Jun 30, 2026",4273,2,4,0,0,40,0,0,0,2,2,0,0
"Mon, Jun 29, 2026",7077,1,6,0,0,46,1,2,0,3,4,0,0
"Sun, Jun 28, 2026",786,0,0,0,0,0,0,0,0,0,0,0,0
"Sat, Jun 27, 2026",1805,1,2,0,0,2,0,0,0,1,0,0,0
"Fri, Jun 26, 2026",5046,1,2,0,0,7,0,0,1,0,6,0,0
"Thu, Jun 25, 2026",4010,2,3,1,0,1,1,0,0,0,3,0,0
"Wed, Jun 24, 2026",2922,3,8,1,0,1,0,1,0,3,6,0,0
"Tue, Jun 23, 2026",3309,1,6,1,1,3,1,2,1,0,6,0,0
"Mon, Jun 22, 2026",2531,2,4,0,0,1,1,1,1,0,6,0,0
"Sun, Jun 21, 2026",252,0,0,0,0,1,1,0,0,0,0,0,0
"Sat, Jun 20, 2026",1970,1,4,1,0,0,0,0,0,2,2,0,0
"Fri, Jun 19, 2026",5104,3,11,0,0,2,0,2,2,4,7,0,0
"Thu, Jun 18, 2026",4488,9,28,1,4,1,0,2,1,11,6,0,0
"Wed, Jun 17, 2026",5201,0,4,0,0,0,0,1,1,2,9,0,0
"Tue, Jun 16, 2026",9017,7,30,3,0,2,0,8,2,10,13,0,0
"Mon, Jun 15, 2026",1366,3,4,0,1,1,0,0,0,0,4,0,0
"Sun, Jun 14, 2026",170,0,0,0,0,1,0,0,0,0,0,0,0
"Sat, Jun 13, 2026",1061,0,0,0,0,2,1,0,0,0,1,0,0
"Fri, Jun 12, 2026",6909,5,11,1,0,1,1,1,0,4,4,0,0
"Thu, Jun 11, 2026",11899,9,34,4,0,3,0,6,4,11,11,0,0
"Wed, Jun 10, 2026",9387,8,27,2,0,2,1,8,2,7,14,0,0
"Tue, Jun 9, 2026",9580,11,25,1,0,2,0,2,0,11,12,0,0
"Mon, Jun 8, 2026",5292,11,25,0,0,1,1,2,6,6,10,0,0
"Sun, Jun 7, 2026",706,0,1,0,0,1,3,0,1,0,1,0,0
"Sat, Jun 6, 2026",1271,0,0,0,0,1,1,0,0,0,1,0,0
"Fri, Jun 5, 2026",5299,15,31,4,0,1,0,2,10,0,7,0,0
"Thu, Jun 4, 2026",6263,7,18,0,1,1,0,1,5,4,11,0,0
"Wed, Jun 3, 2026",6104,9,19,0,0,2,0,5,2,3,8,0,0
"Tue, Jun 2, 2026",8646,6,21,0,0,0,1,4,5,6,8,0,0
"Mon, Jun 1, 2026",6558,2,14,1,1,3,0,3,5,2,8,0,0
"Sun, May 31, 2026",432,0,0,0,0,0,0,0,0,0,1,0,0
"Sat, May 30, 2026",173,0,0,0,0,1,0,0,0,0,0,0,0
"Fri, May 29, 2026",1348,2,4,0,0,1,0,1,1,0,3,0,0
"Thu, May 28, 2026",3959,2,6,0,0,3,0,2,2,0,10,0,0
"Wed, May 27, 2026",2736,4,9,1,1,3,2,0,0,3,7,0,0
"Tue, May 26, 2026",3032,2,4,0,1,1,2,0,0,1,9,0,0
"Mon, May 25, 2026",253,0,0,0,0,0,0,0,0,0,0,0,0
"Sun, May 24, 2026",415,0,1,0,0,0,0,0,0,1,1,0,0
"Sat, May 23, 2026",558,0,0,0,0,2,0,0,0,0,0,0,0
"Fri, May 22, 2026",970,1,1,0,0,1,0,0,0,0,3,0,0
"Thu, May 21, 2026",2228,2,2,0,0,2,0,0,0,0,7,0,0
"Wed, May 20, 2026",2801,2,6,0,1,4,3,0,0,3,6,0,0
"Tue, May 19, 2026",3319,6,12,1,0,3,1,2,2,1,6,0,0
"Mon, May 18, 2026",1534,0,1,0,0,1,0,0,0,1,5,0,0
"Sun, May 17, 2026",425,0,1,1,0,0,1,0,0,0,1,0,0
"Sat, May 16, 2026",93,0,0,0,0,0,0,0,0,0,0,0,0
"Fri, May 15, 2026",1238,3,9,1,3,0,0,0,2,0,4,0,0
"Thu, May 14, 2026",2066,2,5,0,0,1,0,0,0,3,3,0,0
"Wed, May 13, 2026",1704,1,7,0,2,0,0,0,2,2,6,0,0
"Tue, May 12, 2026",442,2,3,0,0,1,0,0,1,0,1,0,0
"Mon, May 11, 2026",2130,2,3,0,0,1,0,0,1,0,4,0,0
"Sun, May 10, 2026",207,0,1,0,0,2,0,1,0,0,0,0,0
"Sat, May 9, 2026",1224,1,1,0,0,3,0,0,0,0,3,0,0
"Fri, May 8, 2026",2358,1,4,1,0,0,0,0,2,0,5,0,0
"Thu, May 7, 2026",3159,3,10,0,0,0,2,2,3,2,7,0,0
"Wed, May 6, 2026",1738,0,4,0,0,0,0,1,3,0,6,0,0
"Tue, May 5, 2026",456,0,0,0,0,2,1,0,0,0,1,0,0
"Mon, May 4, 2026",1225,1,1,0,0,2,1,0,0,0,4,0,0
"Sun, May 3, 2026",607,0,0,0,0,0,0,0,0,0,1,0,0
"Sat, May 2, 2026",487,1,1,0,0,0,0,0,0,0,1,0,0
"Fri, May 1, 2026",866,3,4,0,1,1,1,0,0,0,2,0,0
"Thu, Apr 30, 2026",2354,2,5,0,1,3,2,0,1,1,5,0,0
"Wed, Apr 29, 2026",2499,0,0,0,0,0,0,0,0,0,7,0,0
"Tue, Apr 28, 2026",3731,3,6,0,1,0,2,0,1,1,9,0,0
"Mon, Apr 27, 2026",1925,1,3,0,0,3,1,0,0,2,5,0,0
"Sun, Apr 26, 2026",1531,2,2,0,0,1,0,0,0,0,2,0,0
"Sat, Apr 25, 2026",18430,12,21,0,0,1,0,1,3,5,51,0,0
"Fri, Apr 24, 2026",24428,17,39,1,1,2,0,1,7,12,41,0,0
"Thu, Apr 23, 2026",4152,2,8,0,3,3,2,0,1,2,5,0,0
"Wed, Apr 22, 2026",2301,4,6,0,0,2,0,0,2,0,7,0,0
"Tue, Apr 21, 2026",2331,3,3,0,0,2,1,0,0,0,5,0,0
"Mon, Apr 20, 2026",3470,6,7,0,0,0,1,0,1,0,9,0,0
"Sun, Apr 19, 2026",415,0,0,0,0,1,1,0,0,0,1,0,0
"Sat, Apr 18, 2026",366,2,3,0,0,1,0,1,0,0,0,0,0
"Fri, Apr 17, 2026",2428,3,5,1,0,2,1,0,1,0,5,0,0
"Thu, Apr 16, 2026",2210,9,11,0,0,5,1,0,1,1,7,0,0
"Wed, Apr 15, 2026",1718,1,1,0,0,2,1,0,0,0,6,0,0
"Tue, Apr 14, 2026",79,0,0,0,0,0,0,0,0,0,0,0,0
"Mon, Apr 13, 2026",350,2,2,0,0,0,1,0,0,0,1,0,0
"Sun, Apr 12, 2026",91,0,0,0,0,2,0,0,0,0,0,0,0
"Sat, Apr 11, 2026",146,0,0,0,0,0,0,0,0,0,0,0,0
"Fri, Apr 10, 2026",1206,2,2,0,0,2,0,0,0,0,4,0,0
"Thu, Apr 9, 2026",1399,1,3,1,0,1,0,0,0,1,4,0,0
"Wed, Apr 8, 2026",900,4,6,0,0,2,1,0,2,0,2,0,0
"Tue, Apr 7, 2026",2200,3,5,0,0,2,1,0,0,2,6,0,0
"Mon, Apr 6, 2026",725,1,3,0,0,2,0,0,1,1,2,0,0
"Sun, Apr 5, 2026",78,0,0,0,0,1,0,0,0,0,0,0,0
"Sat, Apr 4, 2026",214,0,0,0,0,0,1,0,0,0,0,0,0
"Fri, Apr 3, 2026",992,2,3,0,0,1,0,0,1,0,3,0,0
"Thu, Apr 2, 2026",2361,0,1,0,0,2,1,0,1,0,3,0,0
"Wed, Apr 1, 2026",1640,2,4,0,0,0,0,0,2,0,4,0,0
"Tue, Mar 31, 2026",2987,5,10,0,1,3,0,1,0,3,6,0,0
"Mon, Mar 30, 2026",2700,6,10,0,0,2,2,2,1,1,8,0,0
"Sun, Mar 29, 2026",2093,5,7,0,0,1,0,1,1,0,3,0,0
"Sat, Mar 28, 2026",202,0,0,0,0,0,1,0,0,0,0,0,0
"Fri, Mar 27, 2026",1095,1,2,0,0,1,1,0,1,0,3,0,0
"Thu, Mar 26, 2026",1455,3,4,0,0,1,1,0,1,0,4,0,0
"Wed, Mar 25, 2026",728,1,2,0,0,15,1,0,1,0,2,0,0
"Tue, Mar 24, 2026",859,2,2,0,0,0,1,0,0,0,2,0,0
"Mon, Mar 23, 2026",3103,2,4,0,0,2,2,0,2,0,6,0,0
"Sun, Mar 22, 2026",90,1,1,0,0,1,0,0,0,0,0,0,0
"Sat, Mar 21, 2026",1648,0,2,0,0,1,1,0,1,1,1,0,0
"Fri, Mar 20, 2026",63,0,0,0,0,0,0,0,0,0,0,0,0
"Thu, Mar 19, 2026",1050,0,1,0,0,1,0,0,0,1,3,0,0
"Wed, Mar 18, 2026",1143,1,1,0,0,1,1,0,0,0,3,0,0
"Tue, Mar 17, 2026",2495,11,17,1,0,1,0,1,3,1,2,0,0
"Mon, Mar 16, 2026",3335,1,6,0,1,0,0,0,2,2,4,0,0
"Sun, Mar 15, 2026",691,2,2,0,0,0,0,0,0,0,1,0,0
"Sat, Mar 14, 2026",1934,1,5,0,0,0,0,1,0,3,3,0,0
"Fri, Mar 13, 2026",3297,4,8,1,1,2,0,1,1,0,4,0,0
"Thu, Mar 12, 2026",4906,7,15,1,1,0,0,0,1,5,10,0,0
"Wed, Mar 11, 2026",10756,6,15,1,1,1,0,0,2,5,18,0,0
"Tue, Mar 10, 2026",7462,6,19,0,1,1,2,0,5,7,7,0,0
"Mon, Mar 9, 2026",21305,11,44,1,6,1,1,1,11,14,23,0,0
"Sun, Mar 8, 2026",2544,0,5,0,1,1,0,0,1,3,3,0,0
"Sat, Mar 7, 2026",1265,0,0,0,0,0,0,0,0,0,1,0,0
"Fri, Mar 6, 2026",5979,5,15,1,1,2,0,0,3,5,11,0,0
"Thu, Mar 5, 2026",1528,2,3,0,0,0,0,0,0,1,3,0,0
"Wed, Mar 4, 2026",2835,4,8,0,0,0,1,0,2,2,7,0,0
"Tue, Mar 3, 2026",4357,11,15,0,0,1,0,0,2,2,8,0,0
"Mon, Mar 2, 2026",2490,1,5,1,0,1,2,0,2,1,4,0,0
"Sun, Mar 1, 2026",1389,2,3,1,0,0,0,0,0,0,3,0,0
"Sat, Feb 28, 2026",987,0,0,0,0,0,1,0,0,0,2,0,0
"Fri, Feb 27, 2026",1350,1,4,0,1,0,0,0,1,1,2,0,0
"Thu, Feb 26, 2026",1088,0,0,0,0,1,0,0,0,0,3,0,0
"Wed, Feb 25, 2026",1484,1,1,0,0,2,0,0,0,0,0,0,0
"Tue, Feb 24, 2026",6484,8,15,0,0,0,2,1,3,3,11,0,0
"Mon, Feb 23, 2026",1028,1,3,0,0,1,2,0,2,0,3,0,0
"Sun, Feb 22, 2026",296,0,0,0,0,1,1,0,0,0,0,0,0
"Sat, Feb 21, 2026",910,3,5,1,0,2,0,0,0,1,2,0,0
"Fri, Feb 20, 2026",448,1,1,0,0,0,1,0,0,0,1,0,0
"Thu, Feb 19, 2026",1021,3,5,0,0,1,2,0,2,0,2,0,0
"Wed, Feb 18, 2026",2268,1,3,0,0,0,0,0,1,1,4,0,0
"Tue, Feb 17, 2026",2183,3,5,0,0,0,1,0,1,1,3,0,0
"Mon, Feb 16, 2026",2116,7,11,0,1,1,1,0,2,1,3,0,0
"Sun, Feb 15, 2026",157,0,0,0,0,0,0,0,0,0,0,0,0
"Sat, Feb 14, 2026",361,0,1,0,1,2,0,0,0,0,0,0,0
"Fri, Feb 13, 2026",1207,1,3,0,0,1,1,0,0,2,4,0,0
"Thu, Feb 12, 2026",778,2,5,0,0,0,1,1,1,1,2,0,0
"Wed, Feb 11, 2026",807,1,1,0,0,2,3,0,0,0,2,0,0
"Tue, Feb 10, 2026",1036,1,1,0,0,0,0,0,0,0,2,0,0
"Mon, Feb 9, 2026",12338,7,26,1,0,1,2,0,6,12,14,0,0
"Sun, Feb 8, 2026",4509,2,5,0,0,0,2,0,1,2,5,0,0
"Sat, Feb 7, 2026",2892,0,0,0,0,2,0,0,0,0,6,0,0
"Fri, Feb 6, 2026",6117,10,19,0,0,0,1,0,4,5,10,0,0
"Thu, Feb 5, 2026",3697,7,13,1,0,2,1,0,4,1,9,0,0
"Wed, Feb 4, 2026",4080,5,11,0,0,2,2,1,3,2,4,0,0
"Tue, Feb 3, 2026",1771,0,0,0,0,1,1,0,0,0,3,0,0
"Mon, Feb 2, 2026",4475,4,7,0,0,1,1,0,3,0,4,0,0
"Sun, Feb 1, 2026",568,0,0,0,0,2,0,0,0,0,1,0,0
"Sat, Jan 31, 2026",1223,2,2,0,0,1,2,0,0,0,2,0,0
"Fri, Jan 30, 2026",2244,2,2,0,0,0,3,0,0,0,3,0,0
"Thu, Jan 29, 2026",3831,2,5,1,0,1,0,0,0,2,9,0,0
"Wed, Jan 28, 2026",1719,0,0,0,0,0,2,0,0,0,4,0,0
"Tue, Jan 27, 2026",2678,5,8,0,1,0,2,1,1,0,4,0,0
"Mon, Jan 26, 2026",8254,5,9,0,0,0,0,1,1,2,16,0,0
"Sun, Jan 25, 2026",8168,6,15,0,0,0,1,0,1,8,14,0,0
"Sat, Jan 24, 2026",3084,0,1,0,0,2,0,0,0,1,5,0,0
"Fri, Jan 23, 2026",4576,1,7,3,0,0,1,1,0,2,10,0,0
"Thu, Jan 22, 2026",3651,3,5,0,0,0,1,1,0,1,6,0,0
"Wed, Jan 21, 2026",3540,6,12,0,0,1,0,1,1,4,7,0,0
"Tue, Jan 20, 2026",3408,2,4,0,1,0,0,0,0,1,5,0,0
"Mon, Jan 19, 2026",11869,9,22,0,1,2,1,3,2,7,22,0,0
"Sun, Jan 18, 2026",39599,16,69,2,3,3,3,0,5,43,33,0,0
"Sat, Jan 17, 2026",15912,12,56,2,8,5,1,2,7,25,16,0,0
"Fri, Jan 16, 2026",5769,3,11,1,0,2,2,4,1,2,11,0,0
"Thu, Jan 15, 2026",6725,0,5,0,1,0,3,1,1,2,14,0,0
"Wed, Jan 14, 2026",6912,5,7,0,0,1,1,1,0,1,16,0,0
"Tue, Jan 13, 2026",17343,9,28,2,0,3,1,2,6,9,17,0,0
"Mon, Jan 12, 2026",17382,4,13,0,0,2,0,1,4,4,27,0,0
"Sun, Jan 11, 2026",22986,17,63,4,6,9,3,4,3,29,36,0,0
"Sat, Jan 10, 2026",6113,2,8,1,0,0,0,4,1,0,7,0,0
"Fri, Jan 9, 2026",12379,7,31,0,2,2,0,14,4,4,20,0,0
"Thu, Jan 8, 2026",11842,6,25,0,0,4,0,8,5,6,15,0,0
"Wed, Jan 7, 2026",10202,3,15,0,2,2,0,0,4,6,14,0,0
"Tue, Jan 6, 2026",7009,1,12,3,0,0,2,0,3,5,11,0,0
"Mon, Jan 5, 2026",35486,16,35,0,1,3,4,1,2,15,70,0,0
"Sun, Jan 4, 2026",50761,58,104,1,1,6,3,0,10,34,82,0,0
"Sat, Jan 3, 2026",17212,7,25,0,3,1,1,1,7,7,15,0,0
"Fri, Jan 2, 2026",39636,48,90,0,5,0,1,0,11,26,61,0,0
"Thu, Jan 1, 2026",27323,31,61,3,0,1,4,2,6,19,44,0,0
"Wed, Dec 31, 2025",32285,53,99,4,1,2,1,2,12,27,61,0,0
"Tue, Dec 30, 2025",23156,44,76,1,2,3,12,0,8,21,21,0,0
"Mon, Dec 29, 2025",51551,92,145,2,6,4,10,6,14,25,54,0,0
"Sun, Dec 28, 2025",88384,161,255,6,0,9,2,7,23,58,99,0,0
"Sat, Dec 27, 2025",26706,31,84,1,6,4,2,5,7,34,21,0,0
"Fri, Dec 26, 2025",41096,71,115,2,3,2,2,5,3,31,48,0,0
"Thu, Dec 25, 2025",53444,59,151,5,6,4,1,1,7,73,44,0,0
"Wed, Dec 24, 2025",41750,69,121,3,6,4,2,2,9,32,46,0,0
"Tue, Dec 23, 2025",43580,58,120,8,3,3,4,3,15,33,43,0,0
"Mon, Dec 22, 2025",64975,58,117,3,4,5,4,0,6,46,65,0,0
"Sun, Dec 21, 2025",59904,94,142,1,6,4,5,3,5,33,74,0,0
"Sat, Dec 20, 2025",28710,57,115,2,2,5,1,2,3,49,14,0,0
"Fri, Dec 19, 2025",50349,87,179,3,7,4,1,0,12,70,44,0,0
"Thu, Dec 18, 2025",62807,87,238,6,21,11,0,2,18,104,40,0,0
"Wed, Dec 17, 2025",59068,83,177,7,6,8,0,7,16,58,50,0,0
"Tue, Dec 16, 2025",30792,35,73,0,4,2,0,3,6,25,32,0,0
"Mon, Dec 15, 2025",83538,82,158,1,11,5,7,1,16,47,92,0,0
"Sun, Dec 14, 2025",82684,113,195,8,6,12,2,4,16,48,96,0,0
"Sat, Dec 13, 2025",26107,51,92,0,3,2,0,0,6,32,15,0,0
"Fri, Dec 12, 2025",50783,110,182,2,5,7,2,1,13,51,59,0,0
"Thu, Dec 11, 2025",41959,61,120,0,9,10,3,0,6,44,47,0,0
"Wed, Dec 10, 2025",42748,22,97,5,7,4,0,0,12,51,53,0,0
"Tue, Dec 9, 2025",21467,15,44,1,4,4,2,0,3,21,22,0,0
"Mon, Dec 8, 2025",48380,27,67,1,2,6,4,3,9,25,64,0,0
"Sun, Dec 7, 2025",56672,75,141,4,2,6,2,1,10,49,71,0,0
"Sat, Dec 6, 2025",19146,27,48,0,0,1,0,0,2,19,13,0,0
"Fri, Dec 5, 2025",57826,79,172,4,6,8,1,4,16,63,62,0,0
"Thu, Dec 4, 2025",44883,67,140,5,6,6,1,3,7,52,45,0,0
"Wed, Dec 3, 2025",41171,78,141,4,7,4,2,1,12,39,45,0,0
"Tue, Dec 2, 2025",29083,43,78,3,2,1,3,1,5,24,26,0,0
"Mon, Dec 1, 2025",45024,42,84,3,3,3,2,0,13,23,57,0,0
"Sun, Nov 30, 2025",59580,41,108,3,2,3,1,0,6,56,81,0,0
"Sat, Nov 29, 2025",27461,13,46,1,3,4,1,0,4,25,23,0,0
"Fri, Nov 28, 2025",58382,56,108,5,4,1,0,0,11,32,65,0,0
"Thu, Nov 27, 2025",71022,57,170,3,11,15,2,1,14,84,51,0,0
"Wed, Nov 26, 2025",52080,104,188,1,10,5,0,1,13,59,61,0,0
"Tue, Nov 25, 2025",28116,22,59,3,2,1,3,1,4,27,29,0,0
"Mon, Nov 24, 2025",55837,55,109,3,2,4,1,4,18,27,66,0,0
"Sun, Nov 23, 2025",56921,78,149,7,1,5,1,1,11,51,84,0,0
"Sat, Nov 22, 2025",19484,18,53,3,0,4,0,1,4,27,8,0,0
"Fri, Nov 21, 2025",83572,98,203,4,8,8,1,4,15,74,59,0,0
"Thu, Nov 20, 2025",79616,79,182,3,13,9,1,4,9,74,53,0,0
"Wed, Nov 19, 2025",57725,86,195,18,15,9,0,2,12,62,55,0,0
"Tue, Nov 18, 2025",28470,49,94,3,3,0,0,1,9,29,22,0,0
"Mon, Nov 17, 2025",61222,48,101,4,6,1,2,1,6,36,67,0,0
"Sun, Nov 16, 2025",107044,83,193,8,2,8,1,4,30,66,89,0,0
"Sat, Nov 15, 2025",23162,37,66,1,4,1,1,2,8,14,12,0,0
"Fri, Nov 14, 2025",62551,130,241,5,2,12,0,1,14,89,67,0,0
"Thu, Nov 13, 2025",58408,127,252,8,8,12,1,3,21,85,55,0,0
"Wed, Nov 12, 2025",60747,119,245,7,18,15,1,5,20,76,56,0,0
"Tue, Nov 11, 2025",29624,40,81,2,6,7,0,2,7,24,23,0,0
"Mon, Nov 10, 2025",59580,59,120,10,3,3,3,3,12,33,51,0,0
"Sun, Nov 9, 2025",77009,53,148,4,6,14,3,9,12,64,91,0,0
"Sat, Nov 8, 2025",21622,14,44,4,2,1,1,0,4,20,13,0,0
"Fri, Nov 7, 2025",61044,59,153,6,12,8,2,3,6,67,62,0,0
"Thu, Nov 6, 2025",52360,75,183,5,9,13,1,6,12,76,40,0,0
"Wed, Nov 5, 2025",49648,104,225,11,14,15,3,5,10,81,42,0,0
"Tue, Nov 4, 2025",34152,46,93,6,6,4,1,0,7,28,24,0,0
"Mon, Nov 3, 2025",44326,56,97,8,2,5,4,2,4,25,48,0,0
"Sun, Nov 2, 2025",63319,84,141,2,5,8,1,6,8,36,80,0,0
"Sat, Nov 1, 2025",26566,37,88,1,6,10,0,0,5,39,13,0,0
"Fri, Oct 31, 2025",55553,158,269,7,12,12,2,1,12,79,52,0,0
"Thu, Oct 30, 2025",45591,148,237,4,13,11,1,4,3,65,44,0,0
"Wed, Oct 29, 2025",59464,118,219,5,9,16,2,2,10,75,54,0,0
"Tue, Oct 28, 2025",33672,85,133,7,4,7,0,1,7,29,31,0,0
"Mon, Oct 27, 2025",52035,85,125,3,4,6,0,4,8,21,64,0,0
"Sun, Oct 26, 2025",71959,102,184,6,9,6,0,4,11,52,79,0,0
"Sat, Oct 25, 2025",26845,50,98,4,4,6,0,1,6,33,18,0,0
"Fri, Oct 24, 2025",55481,155,236,2,6,11,0,1,16,56,60,0,0
"Thu, Oct 23, 2025",50262,154,231,7,6,8,3,4,9,51,49,0,0
"Wed, Oct 22, 2025",42684,123,212,4,5,9,1,3,6,71,53,0,0
"Tue, Oct 21, 2025",26651,33,70,1,4,6,2,0,3,29,29,0,0
"Mon, Oct 20, 2025",60406,112,171,1,4,4,4,3,3,48,81,0,0
"Sun, Oct 19, 2025",55651,136,205,1,0,6,0,6,5,57,70,0,0
"Sat, Oct 18, 2025",20431,53,80,0,2,5,0,1,1,23,19,0,0
"Fri, Oct 17, 2025",49240,127,220,6,10,12,0,0,2,75,64,0,0
"Thu, Oct 16, 2025",43381,70,182,2,6,12,1,2,4,98,41,0,0
"Wed, Oct 15, 2025",40719,100,188,1,11,23,1,2,7,67,50,0,0
"Tue, Oct 14, 2025",24215,42,64,4,0,5,3,1,4,13,26,0,0
"Mon, Oct 13, 2025",46120,113,151,4,3,5,0,2,3,26,58,0,0
"Sun, Oct 12, 2025",73237,138,211,3,5,9,1,2,7,56,92,0,0
"Sat, Oct 11, 2025",15238,35,60,1,0,4,2,0,4,20,13,0,0
"Fri, Oct 10, 2025",49794,100,165,5,6,7,2,2,3,49,57,0,0
"Thu, Oct 9, 2025",50101,70,167,2,8,5,2,9,10,68,40,0,0
"Wed, Oct 8, 2025",41579,60,148,1,11,12,1,12,5,59,39,0,0
"Tue, Oct 7, 2025",32005,46,95,5,2,5,0,5,6,31,25,0,0
"Mon, Oct 6, 2025",63395,143,191,2,5,7,5,5,5,31,83,0,0
"Sun, Oct 5, 2025",45603,105,153,2,4,1,1,18,1,23,62,0,0
"Sat, Oct 4, 2025",0,0,0,0,0,0,0,0,0,0,0,0,0
"Fri, Oct 3, 2025",0,0,0,0,0,0,0,0,0,0,0,0,0
"Thu, Oct 2, 2025",0,0,0,0,0,0,0,0,0,0,0,0,0
"Wed, Oct 1, 2025",0,0,0,0,0,0,0,0,0,0,0,0,0